price,year,day,day_of_week,month
0.001415,2017,09,Thursday,11
0.001163,2017,10,Friday,11
0.001201,2017,11,Saturday,11
0.001038,2017,12,Sunday,11
0.001211,2017,13,Monday,11
0.001184,2017,14,Tuesday,11
0.001339,2017,15,Wednesday,11
0.00139,2017,16,Thursday,11
0.001313,2017,17,Friday,11
0.001373,2017,18,Saturday,11
0.001376,2017,19,Sunday,11
0.001394,2017,20,Monday,11
0.001389,2017,21,Tuesday,11
0.001823,2017,22,Wednesday,11
0.001891,2017,23,Thursday,11
0.001908,2017,24,Friday,11
0.002072,2017,25,Saturday,11
0.002026,2017,26,Sunday,11
0.001988,2017,27,Monday,11
0.002363,2017,28,Tuesday,11
0.00208,2017,29,Wednesday,11
0.002079,2017,30,Thursday,11
0.002148,2017,01,Friday,12
0.002149,2017,02,Saturday,12
0.002223,2017,03,Sunday,12
0.002463,2017,04,Monday,12
0.002479,2017,05,Tuesday,12
0.002663,2017,06,Wednesday,12
0.00272,2017,07,Thursday,12
0.002779,2017,08,Friday,12
0.002617,2017,09,Saturday,12
0.002547,2017,10,Sunday,12
0.002798,2017,11,Monday,12
0.003304,2017,12,Tuesday,12
0.003461,2017,13,Wednesday,12
0.003709,2017,14,Thursday,12
0.003762,2017,15,Friday,12
0.005933,2017,16,Saturday,12
0.005984,2017,17,Sunday,12
0.006433,2017,18,Monday,12
0.005666,2017,19,Tuesday,12
0.006661,2017,20,Wednesday,12
0.007425,2017,21,Thursday,12
0.006054,2017,22,Friday,12
0.007259,2017,23,Saturday,12
0.008582,2017,24,Sunday,12
0.008931,2017,25,Monday,12
0.009411,2017,26,Tuesday,12
0.008872,2017,27,Wednesday,12
0.008486,2017,28,Thursday,12
0.009391,2017,29,Friday,12
0.00786,2017,30,Saturday,12
0.008972,2017,31,Sunday,12
0.008909,2018,01,Monday,01
0.009145,2018,02,Tuesday,01
0.00932,2018,03,Wednesday,01
0.009644,2018,04,Thursday,01
0.012167,2018,05,Friday,01
0.014863,2018,06,Saturday,01
0.017088,2018,07,Sunday,01
0.015045,2018,08,Monday,01
0.01342,2018,09,Tuesday,01
0.013102,2018,10,Wednesday,01
0.011469,2018,11,Thursday,01
0.013056,2018,12,Friday,01
0.013023,2018,13,Saturday,01
0.011684,2018,14,Sunday,01
0.009857,2018,15,Monday,01
0.006822,2018,16,Tuesday,01
0.007648,2018,17,Wednesday,01
0.007969,2018,18,Thursday,01
0.007871,2018,19,Friday,01
0.008448,2018,20,Saturday,01
0.007131,2018,21,Sunday,01
0.006734,2018,22,Monday,01
0.006673,2018,23,Tuesday,01
0.007083,2018,24,Wednesday,01
0.007667,2018,25,Thursday,01
0.007237,2018,26,Friday,01
0.007373,2018,27,Saturday,01
0.007465,2018,28,Sunday,01
0.006967,2018,29,Monday,01
0.006024,2018,30,Tuesday,01
0.00601,2018,31,Wednesday,01
0.005029,2018,01,Thursday,02
0.004475,2018,02,Friday,02
0.005164,2018,03,Saturday,02
0.004399,2018,04,Sunday,02
0.003533,2018,05,Monday,02
0.004361,2018,06,Tuesday,02
0.004297,2018,07,Wednesday,02
0.004566,2018,08,Thursday,02
0.005,2018,09,Friday,02
0.004989,2018,10,Saturday,02
0.004956,2018,11,Sunday,02
0.005472,2018,12,Monday,02
0.005638,2018,13,Tuesday,02
0.00673,2018,14,Wednesday,02
0.007347,2018,15,Thursday,02
0.007034,2018,16,Friday,02
0.007049,2018,17,Saturday,02
0.006424,2018,18,Sunday,02
0.006697,2018,19,Monday,02
0.007094,2018,20,Tuesday,02
0.006581,2018,21,Wednesday,02
0.006259,2018,22,Thursday,02
0.006648,2018,23,Friday,02
0.006324,2018,24,Saturday,02
0.006142,2018,25,Sunday,02
0.006339,2018,26,Monday,02
0.006291,2018,27,Tuesday,02
0.006018,2018,28,Wednesday,02
0.006215,2018,01,Thursday,03
0.005482,2018,02,Friday,03
0.005301,2018,03,Saturday,03
0.005502,2018,04,Sunday,03
0.005218,2018,05,Monday,03
0.00461,2018,06,Tuesday,03
0.004024,2018,07,Wednesday,03
0.004025,2018,08,Thursday,03
0.004146,2018,09,Friday,03
0.003973,2018,10,Saturday,03
0.00421,2018,11,Sunday,03
0.004032,2018,12,Monday,03
0.00396,2018,13,Tuesday,03
0.003524,2018,14,Wednesday,03
0.003536,2018,15,Thursday,03
0.00351,2018,16,Friday,03
0.003299,2018,17,Saturday,03
0.00319,2018,18,Sunday,03
0.00344,2018,19,Monday,03
0.003651,2018,20,Tuesday,03
0.003659,2018,21,Wednesday,03
0.003528,2018,22,Thursday,03
0.00356,2018,23,Friday,03
0.00359,2018,24,Saturday,03
0.003505,2018,25,Sunday,03
0.003289,2018,26,Monday,03
0.003145,2018,27,Tuesday,03
0.003141,2018,28,Wednesday,03
0.002827,2018,29,Thursday,03
0.002763,2018,30,Friday,03
0.002819,2018,31,Saturday,03
0.002719,2018,01,Sunday,04
0.002797,2018,02,Monday,04
0.00298,2018,03,Tuesday,04
0.00277,2018,04,Wednesday,04
0.002714,2018,05,Thursday,04
0.00267,2018,06,Friday,04
0.002802,2018,07,Saturday,04
0.002843,2018,08,Sunday,04
0.002763,2018,09,Monday,04
0.003043,2018,10,Tuesday,04
0.003396,2018,11,Wednesday,04
0.003798,2018,12,Thursday,04
0.003995,2018,13,Friday,04
0.00415,2018,14,Saturday,04
0.004571,2018,15,Sunday,04
0.004585,2018,16,Monday,04
0.004744,2018,17,Tuesday,04
0.005412,2018,18,Wednesday,04
0.005824,2018,19,Thursday,04
0.005893,2018,20,Friday,04
0.005413,2018,21,Saturday,04
0.005539,2018,22,Sunday,04
0.005482,2018,23,Monday,04
0.0058,2018,24,Tuesday,04
0.005093,2018,25,Wednesday,04
0.005627,2018,26,Thursday,04
0.005422,2018,27,Friday,04
0.005357,2018,28,Saturday,04
0.005459,2018,29,Sunday,04
0.00521,2018,30,Monday,04
0.005144,2018,01,Tuesday,05
0.005273,2018,02,Wednesday,05
0.005641,2018,03,Thursday,05
0.005269,2018,04,Friday,05
0.00518,2018,05,Saturday,05
0.00497,2018,06,Sunday,05
0.004817,2018,07,Monday,05
0.005303,2018,08,Tuesday,05
0.005093,2018,09,Wednesday,05
0.00487,2018,10,Thursday,05
0.004362,2018,11,Friday,05
0.004473,2018,12,Saturday,05
0.004329,2018,13,Sunday,05
0.00446,2018,14,Monday,05
0.004515,2018,15,Tuesday,05
0.004385,2018,16,Wednesday,05
0.004188,2018,17,Thursday,05
0.004017,2018,18,Friday,05
0.004286,2018,19,Saturday,05
0.004423,2018,20,Sunday,05
0.004271,2018,21,Monday,05
0.003851,2018,22,Tuesday,05
0.003591,2018,23,Wednesday,05
0.003499,2018,24,Thursday,05
0.003514,2018,25,Friday,05
0.003463,2018,26,Saturday,05
0.003424,2018,27,Sunday,05
0.003226,2018,28,Monday,05
0.003437,2018,29,Tuesday,05
0.003354,2018,30,Wednesday,05
0.003398,2018,31,Thursday,05
0.003423,2018,01,Friday,06
0.003558,2018,02,Saturday,06
0.00369,2018,03,Sunday,06
0.003532,2018,04,Monday,06
0.003654,2018,05,Tuesday,06
0.003787,2018,06,Wednesday,06
0.003732,2018,07,Thursday,06
0.003659,2018,08,Friday,06
0.003593,2018,09,Saturday,06
0.003182,2018,10,Sunday,06
0.003234,2018,11,Monday,06
0.003089,2018,12,Tuesday,06
0.002817,2018,13,Wednesday,06
0.002944,2018,14,Thursday,06
0.002901,2018,15,Friday,06
0.002895,2018,16,Saturday,06
0.002873,2018,17,Sunday,06
0.003027,2018,18,Monday,06
0.003033,2018,19,Tuesday,06
0.003021,2018,20,Wednesday,06
0.002988,2018,21,Thursday,06
0.002668,2018,22,Friday,06
0.002641,2018,23,Saturday,06
0.00251,2018,24,Sunday,06
0.002485,2018,25,Monday,06
0.002478,2018,26,Tuesday,06
0.002437,2018,27,Wednesday,06
0.002357,2018,28,Thursday,06
0.002427,2018,29,Friday,06
0.002499,2018,30,Saturday,06
0.002489,2018,01,Sunday,07
0.002703,2018,02,Monday,07
0.002638,2018,03,Tuesday,07
0.00268,2018,04,Wednesday,07
0.002599,2018,05,Thursday,07
0.002597,2018,06,Friday,07
0.002645,2018,07,Saturday,07
0.002611,2018,08,Sunday,07
0.002603,2018,09,Monday,07
0.002411,2018,10,Tuesday,07
0.002425,2018,11,Wednesday,07
0.002306,2018,12,Thursday,07
0.002332,2018,13,Friday,07
0.002362,2018,14,Saturday,07
0.00238,2018,15,Sunday,07
0.002854,2018,16,Monday,07
0.003228,2018,17,Tuesday,07
0.003712,2018,18,Wednesday,07
0.003844,2018,19,Thursday,07
0.00341,2018,20,Friday,07
0.00327,2018,21,Saturday,07
0.003458,2018,22,Sunday,07
0.003431,2018,23,Monday,07
0.00362,2018,24,Tuesday,07
0.003543,2018,25,Wednesday,07
0.003393,2018,26,Thursday,07
0.003418,2018,27,Friday,07
0.0034,2018,28,Saturday,07
0.003307,2018,29,Sunday,07
0.003273,2018,30,Monday,07
0.002945,2018,31,Tuesday,07
0.00316,2018,01,Wednesday,08
0.002946,2018,02,Thursday,08
0.002918,2018,03,Friday,08
0.002745,2018,04,Saturday,08
0.002837,2018,05,Sunday,08
0.002779,2018,06,Monday,08
0.002671,2018,07,Tuesday,08
0.002415,2018,08,Wednesday,08
0.002555,2018,09,Thursday,08
0.002392,2018,10,Friday,08
0.002404,2018,11,Saturday,08
0.002404,2018,12,Sunday,08
0.002331,2018,13,Monday,08
0.00226,2018,14,Tuesday,08
0.002303,2018,15,Wednesday,08
0.002292,2018,16,Thursday,08
0.002455,2018,17,Friday,08
0.002394,2018,18,Saturday,08
0.002473,2018,19,Sunday,08
0.002369,2018,20,Monday,08
0.002424,2018,21,Tuesday,08
0.002315,2018,22,Wednesday,08
0.002385,2018,23,Thursday,08
0.002426,2018,24,Friday,08
0.00237,2018,25,Saturday,08
0.002404,2018,26,Sunday,08
0.002462,2018,27,Monday,08
0.002607,2018,28,Tuesday,08
0.002606,2018,29,Wednesday,08
0.003206,2018,30,Thursday,08
0.004794,2018,31,Friday,08
0.006278,2018,01,Saturday,09
0.004999,2018,02,Sunday,09
0.005266,2018,03,Monday,09
0.005269,2018,04,Tuesday,09
0.004931,2018,05,Wednesday,09
0.00501,2018,06,Thursday,09
0.005307,2018,07,Friday,09
0.005692,2018,08,Saturday,09
0.005829,2018,09,Sunday,09
0.006892,2018,10,Monday,09
0.006329,2018,11,Tuesday,09
0.006455,2018,12,Wednesday,09
0.006554,2018,13,Thursday,09
0.00618,2018,14,Friday,09
0.006165,2018,15,Saturday,09
0.006531,2018,16,Sunday,09
0.006243,2018,17,Monday,09
0.005981,2018,18,Tuesday,09
0.005609,2018,19,Wednesday,09
0.005695,2018,20,Thursday,09
0.005684,2018,21,Friday,09
0.005758,2018,22,Saturday,09
0.005901,2018,23,Sunday,09
0.005677,2018,24,Monday,09
0.005686,2018,25,Tuesday,09
0.005695,2018,26,Wednesday,09
0.005879,2018,27,Thursday,09
0.005831,2018,28,Friday,09
0.005865,2018,29,Saturday,09
0.005906,2018,30,Sunday,09
0.005942,2018,01,Monday,10
0.005824,2018,02,Tuesday,10
0.005704,2018,03,Wednesday,10
0.005645,2018,04,Thursday,10
0.005669,2018,05,Friday,10
0.005545,2018,06,Saturday,10
0.005562,2018,07,Sunday,10
0.005578,2018,08,Monday,10
0.005635,2018,09,Tuesday,10
0.005552,2018,10,Wednesday,10
0.005,2018,11,Thursday,10
0.005247,2018,12,Friday,10
0.005182,2018,13,Saturday,10
0.005158,2018,14,Sunday,10
0.005218,2018,15,Monday,10
0.005017,2018,16,Tuesday,10
0.004599,2018,17,Wednesday,10
0.004386,2018,18,Thursday,10
0.00447,2018,19,Friday,10
0.004551,2018,20,Saturday,10
0.004517,2018,21,Sunday,10
0.004366,2018,22,Monday,10
0.004172,2018,23,Tuesday,10
0.003911,2018,24,Wednesday,10
0.003717,2018,25,Thursday,10
0.003984,2018,26,Friday,10
0.004195,2018,27,Saturday,10
0.004063,2018,28,Sunday,10
0.003847,2018,29,Monday,10
0.00385,2018,30,Tuesday,10
0.003764,2018,31,Wednesday,10
0.003777,2018,01,Thursday,11
0.003773,2018,02,Friday,11
0.003733,2018,03,Saturday,11
0.003676,2018,04,Sunday,11
0.003622,2018,05,Monday,11
0.003696,2018,06,Tuesday,11
0.003637,2018,07,Wednesday,11
0.003384,2018,08,Thursday,11
0.00314,2018,09,Friday,11
0.003285,2018,10,Saturday,11
0.003162,2018,11,Sunday,11
0.003064,2018,12,Monday,11
0.002945,2018,13,Tuesday,11
0.002695,2018,14,Wednesday,11
0.0028,2018,15,Thursday,11
0.002746,2018,16,Friday,11
0.002595,2018,17,Saturday,11
0.002643,2018,18,Sunday,11
0.002418,2018,19,Monday,11
0.002254,2018,20,Tuesday,11
0.002448,2018,21,Wednesday,11
0.002412,2018,22,Thursday,11
0.002361,2018,23,Friday,11
0.002224,2018,24,Saturday,11
0.00222,2018,25,Sunday,11
0.002099,2018,26,Monday,11
0.002087,2018,27,Tuesday,11
0.002246,2018,28,Wednesday,11
0.002241,2018,29,Thursday,11
0.002165,2018,30,Friday,11
0.00225,2018,01,Saturday,12
0.002246,2018,02,Sunday,12
0.002371,2018,03,Monday,12
0.002196,2018,04,Tuesday,12
0.00218,2018,05,Wednesday,12
0.002097,2018,06,Thursday,12
0.002104,2018,07,Friday,12
0.00212,2018,08,Saturday,12
0.002102,2018,09,Sunday,12
0.0021,2018,10,Monday,12
0.002088,2018,11,Tuesday,12
0.002111,2018,12,Wednesday,12
0.002065,2018,13,Thursday,12
0.00207,2018,14,Friday,12
0.002113,2018,15,Saturday,12
0.002125,2018,16,Sunday,12
0.002533,2018,17,Monday,12
0.002684,2018,18,Tuesday,12
0.00272,2018,19,Wednesday,12
0.002731,2018,20,Thursday,12
0.002545,2018,21,Friday,12
0.002502,2018,22,Saturday,12
0.002542,2018,23,Sunday,12
0.00254,2018,24,Monday,12
0.002404,2018,25,Tuesday,12
0.002474,2018,26,Wednesday,12
0.002364,2018,27,Thursday,12
0.002434,2018,28,Friday,12
0.002403,2018,29,Saturday,12
0.002367,2018,30,Sunday,12
0.002346,2018,31,Monday,12
0.002392,2019,01,Tuesday,01
0.002407,2019,02,Wednesday,01
0.00236,2019,03,Thursday,01
0.002315,2019,04,Friday,01
0.002319,2019,05,Saturday,01
0.002328,2019,06,Sunday,01
0.002285,2019,07,Monday,01
0.002276,2019,08,Tuesday,01
0.002266,2019,09,Wednesday,01
0.002132,2019,10,Thursday,01
0.002129,2019,11,Friday,01
0.002148,2019,12,Saturday,01
0.002094,2019,13,Sunday,01
0.002183,2019,14,Monday,01
0.002111,2019,15,Tuesday,01
0.002138,2019,16,Wednesday,01
0.002094,2019,17,Thursday,01
0.002106,2019,18,Friday,01
0.002153,2019,19,Saturday,01
0.002119,2019,20,Sunday,01
0.002101,2019,21,Monday,01
0.002057,2019,22,Tuesday,01
0.002043,2019,23,Wednesday,01
0.002039,2019,24,Thursday,01
0.002118,2019,25,Friday,01
0.002083,2019,26,Saturday,01
0.002027,2019,27,Sunday,01
0.001944,2019,28,Monday,01
0.001927,2019,29,Tuesday,01
0.001961,2019,30,Wednesday,01
0.001925,2019,31,Thursday,01
0.001916,2019,01,Friday,02
0.001936,2019,02,Saturday,02
0.001904,2019,03,Sunday,02
0.001896,2019,04,Monday,02
0.001888,2019,05,Tuesday,02
0.001866,2019,06,Wednesday,02
0.001845,2019,07,Thursday,02
0.001956,2019,08,Friday,02
0.001949,2019,09,Saturday,02
0.001946,2019,10,Sunday,02
0.001906,2019,11,Monday,02
0.001894,2019,12,Tuesday,02
0.001893,2019,13,Wednesday,02
0.001897,2019,14,Thursday,02
0.001908,2019,15,Friday,02
0.001924,2019,16,Saturday,02
0.001992,2019,17,Sunday,02
0.002114,2019,18,Monday,02
0.002067,2019,19,Tuesday,02
0.002079,2019,20,Wednesday,02
0.002028,2019,21,Thursday,02
0.002056,2019,22,Friday,02
0.002083,2019,23,Saturday,02
0.001974,2019,24,Sunday,02
0.00203,2019,25,Monday,02
0.002023,2019,26,Tuesday,02
0.002019,2019,27,Wednesday,02
0.001976,2019,28,Thursday,02
0.001994,2019,01,Friday,03
0.002003,2019,02,Saturday,03
0.001999,2019,03,Sunday,03
0.001982,2019,04,Monday,03
0.001985,2019,05,Tuesday,03
0.001983,2019,06,Wednesday,03
0.001991,2019,07,Thursday,03
0.00198,2019,08,Friday,03
0.001998,2019,09,Saturday,03
0.001999,2019,10,Sunday,03
0.001966,2019,11,Monday,03
0.002012,2019,12,Tuesday,03
0.002025,2019,13,Wednesday,03
0.002039,2019,14,Thursday,03
0.002048,2019,15,Friday,03
0.002077,2019,16,Saturday,03
0.002081,2019,17,Sunday,03
0.002083,2019,18,Monday,03
0.002091,2019,19,Tuesday,03
0.002061,2019,20,Wednesday,03
0.002054,2019,21,Thursday,03
0.002052,2019,22,Friday,03
0.002064,2019,23,Saturday,03
0.002054,2019,24,Sunday,03
0.002043,2019,25,Monday,03
0.002054,2019,26,Tuesday,03
0.002085,2019,27,Wednesday,03
0.002074,2019,28,Thursday,03
0.002087,2019,29,Friday,03
0.00208,2019,30,Saturday,03
0.00208,2019,31,Sunday,03
0.002461,2019,01,Monday,04
0.002795,2019,02,Tuesday,04
0.003164,2019,03,Wednesday,04
0.003697,2019,04,Thursday,04
0.00359,2019,05,Friday,04
0.003439,2019,06,Saturday,04
0.003418,2019,07,Sunday,04
0.003045,2019,08,Monday,04
0.002884,2019,09,Tuesday,04
0.003021,2019,10,Wednesday,04
0.002789,2019,11,Thursday,04
0.002856,2019,12,Friday,04
0.002872,2019,13,Saturday,04
0.002882,2019,14,Sunday,04
0.00279,2019,15,Monday,04
0.002835,2019,16,Tuesday,04
0.00281,2019,17,Wednesday,04
0.002946,2019,18,Thursday,04
0.002893,2019,19,Friday,04
0.002902,2019,20,Saturday,04
0.00276,2019,21,Sunday,04
0.002798,2019,22,Monday,04
0.002772,2019,23,Tuesday,04
0.002599,2019,24,Wednesday,04
0.002506,2019,25,Thursday,04
0.002519,2019,26,Friday,04
0.002516,2019,27,Saturday,04
0.002531,2019,28,Sunday,04
0.002466,2019,29,Monday,04
0.002513,2019,30,Tuesday,04
0.002521,2019,01,Wednesday,05
0.002611,2019,02,Thursday,05
0.002721,2019,03,Friday,05
0.00268,2019,04,Saturday,05
0.002653,2019,05,Sunday,05
0.002542,2019,06,Monday,05
0.002536,2019,07,Tuesday,05
0.002537,2019,08,Wednesday,05
0.0025,2019,09,Thursday,05
0.002522,2019,10,Friday,05
0.002754,2019,11,Saturday,05
0.002665,2019,12,Sunday,05
0.002756,2019,13,Monday,05
0.003068,2019,14,Tuesday,05
0.003308,2019,15,Wednesday,05
0.003168,2019,16,Thursday,05
0.002962,2019,17,Friday,05
0.003005,2019,18,Saturday,05
0.003178,2019,19,Sunday,05
0.003041,2019,20,Monday,05
0.003086,2019,21,Tuesday,05
0.002939,2019,22,Wednesday,05
0.002961,2019,23,Thursday,05
0.002995,2019,24,Friday,05
0.002991,2019,25,Saturday,05
0.003092,2019,26,Sunday,05
0.003141,2019,27,Monday,05
0.003148,2019,28,Tuesday,05
0.003127,2019,29,Wednesday,05
0.003258,2019,30,Thursday,05
0.003441,2019,31,Friday,05
0.003419,2019,01,Saturday,06
0.003398,2019,02,Sunday,06
0.003198,2019,03,Monday,06
0.003042,2019,04,Tuesday,06
0.00307,2019,05,Wednesday,06
0.003087,2019,06,Thursday,06
0.00311,2019,07,Friday,06
0.003084,2019,08,Saturday,06
0.003012,2019,09,Sunday,06
0.003091,2019,10,Monday,06
0.003058,2019,11,Tuesday,06
0.003067,2019,12,Wednesday,06
0.003074,2019,13,Thursday,06
0.003124,2019,14,Friday,06
0.003157,2019,15,Saturday,06
0.003186,2019,16,Sunday,06
0.00319,2019,17,Monday,06
0.003125,2019,18,Tuesday,06
0.00313,2019,19,Wednesday,06
0.003161,2019,20,Thursday,06
0.003223,2019,21,Friday,06
0.003279,2019,22,Saturday,06
0.003304,2019,23,Sunday,06
0.003368,2019,24,Monday,06
0.003392,2019,25,Tuesday,06
0.003379,2019,26,Wednesday,06
0.003329,2019,27,Thursday,06
0.00349,2019,28,Friday,06
0.003405,2019,29,Saturday,06
0.003258,2019,30,Sunday,06
0.003238,2019,01,Monday,07
0.003204,2019,02,Tuesday,07
0.003313,2019,03,Wednesday,07
0.003229,2019,04,Thursday,07
0.003867,2019,05,Friday,07
0.003547,2019,06,Saturday,07
0.003633,2019,07,Sunday,07
0.003559,2019,08,Monday,07
0.003549,2019,09,Tuesday,07
0.003424,2019,10,Wednesday,07
0.003243,2019,11,Thursday,07
0.00334,2019,12,Friday,07
0.003249,2019,13,Saturday,07
0.003014,2019,14,Sunday,07
0.003092,2019,15,Monday,07
0.002825,2019,16,Tuesday,07
0.00303,2019,17,Wednesday,07
0.003121,2019,18,Thursday,07
0.003059,2019,19,Friday,07
0.003118,2019,20,Saturday,07
0.003076,2019,21,Sunday,07
0.002997,2019,22,Monday,07
0.00288,2019,23,Tuesday,07
0.002915,2019,24,Wednesday,07
0.002921,2019,25,Thursday,07
0.002921,2019,26,Friday,07
0.002823,2019,27,Saturday,07
0.002859,2019,28,Sunday,07
0.00284,2019,29,Monday,07
0.002817,2019,30,Tuesday,07
0.002899,2019,31,Wednesday,07
0.002957,2019,01,Thursday,08
0.002909,2019,02,Friday,08
0.002912,2019,03,Saturday,08
0.002938,2019,04,Sunday,08
0.003087,2019,05,Monday,08
0.00295,2019,06,Tuesday,08
0.003006,2019,07,Wednesday,08
0.002928,2019,08,Thursday,08
0.002904,2019,09,Friday,08
0.002842,2019,10,Saturday,08
0.002898,2019,11,Sunday,08
0.00288,2019,12,Monday,08
0.002825,2019,13,Tuesday,08
0.002722,2019,14,Wednesday,08
0.00264,2019,15,Thursday,08
0.002681,2019,16,Friday,08
0.002646,2019,17,Saturday,08
0.002723,2019,18,Sunday,08
0.002797,2019,19,Monday,08
0.002763,2019,20,Tuesday,08
0.002675,2019,21,Wednesday,08
0.0027,2019,22,Thursday,08
0.002713,2019,23,Friday,08
0.002661,2019,24,Saturday,08
0.002662,2019,25,Sunday,08
0.002679,2019,26,Monday,08
0.00262,2019,27,Tuesday,08
0.002524,2019,28,Wednesday,08
0.00245,2019,29,Thursday,08
0.002482,2019,30,Friday,08
0.002511,2019,31,Saturday,08
0.002492,2019,01,Sunday,09
0.002596,2019,02,Monday,09
0.002595,2019,03,Tuesday,09
0.00269,2019,04,Wednesday,09
0.002531,2019,05,Thursday,09
0.002509,2019,06,Friday,09
0.002515,2019,07,Saturday,09
0.002501,2019,08,Sunday,09
0.002461,2019,09,Monday,09
0.002437,2019,10,Tuesday,09
0.002399,2019,11,Wednesday,09
0.002425,2019,12,Thursday,09
0.002426,2019,13,Friday,09
0.002441,2019,14,Saturday,09
0.00246,2019,15,Sunday,09
0.002455,2019,16,Monday,09
0.002608,2019,17,Tuesday,09
0.002719,2019,18,Wednesday,09
0.002709,2019,19,Thursday,09
0.002672,2019,20,Friday,09
0.002586,2019,21,Saturday,09
0.002592,2019,22,Sunday,09
0.002486,2019,23,Monday,09
0.002228,2019,24,Tuesday,09
0.002197,2019,25,Wednesday,09
0.002155,2019,26,Thursday,09
0.002221,2019,27,Friday,09
0.002234,2019,28,Saturday,09
0.002223,2019,29,Sunday,09
0.002387,2019,30,Monday,09
0.002388,2019,01,Tuesday,10
0.002351,2019,02,Wednesday,10
0.002325,2019,03,Thursday,10
0.00236,2019,04,Friday,10
0.002322,2019,05,Saturday,10
0.002346,2019,06,Sunday,10
0.00239,2019,07,Monday,10
0.002346,2019,08,Tuesday,10
0.002388,2019,09,Wednesday,10
0.002332,2019,10,Thursday,10
0.002345,2019,11,Friday,10
0.00234,2019,12,Saturday,10
0.002447,2019,13,Sunday,10
0.002545,2019,14,Monday,10
0.00251,2019,15,Tuesday,10
0.002607,2019,16,Wednesday,10
0.002755,2019,17,Thursday,10
0.002706,2019,18,Friday,10
0.002743,2019,19,Saturday,10
0.00273,2019,20,Sunday,10
0.002774,2019,21,Monday,10
0.002565,2019,22,Tuesday,10
0.002495,2019,23,Wednesday,10
0.002538,2019,24,Thursday,10
0.002684,2019,25,Friday,10
0.002622,2019,26,Saturday,10
0.002654,2019,27,Sunday,10
0.002646,2019,28,Monday,10
0.002655,2019,29,Tuesday,10
0.002616,2019,30,Wednesday,10
0.002615,2019,31,Thursday,10
0.00263,2019,01,Friday,11
0.002627,2019,02,Saturday,11
0.002637,2019,03,Sunday,11
0.002614,2019,04,Monday,11
0.002624,2019,05,Tuesday,11
0.002628,2019,06,Wednesday,11
0.002725,2019,07,Thursday,11
0.002653,2019,08,Friday,11
0.002713,2019,09,Saturday,11
0.002775,2019,10,Sunday,11
0.002715,2019,11,Monday,11
0.002725,2019,12,Tuesday,11
0.002698,2019,13,Wednesday,11
0.00268,2019,14,Thursday,11
0.002657,2019,15,Friday,11
0.002669,2019,16,Saturday,11
0.002648,2019,17,Sunday,11
0.002576,2019,18,Monday,11
0.002548,2019,19,Tuesday,11
0.002556,2019,20,Wednesday,11
0.002426,2019,21,Thursday,11
0.002362,2019,22,Friday,11
0.002505,2019,23,Saturday,11
0.002365,2019,24,Sunday,11
0.002286,2019,25,Monday,11
0.002291,2019,26,Tuesday,11
0.002339,2019,27,Wednesday,11
0.002313,2019,28,Thursday,11
0.002456,2019,29,Friday,11
0.00232,2019,30,Saturday,11
0.002292,2019,01,Sunday,12
0.002235,2019,02,Monday,12
0.002217,2019,03,Tuesday,12
0.002208,2019,04,Wednesday,12
0.002223,2019,05,Thursday,12
0.002226,2019,06,Friday,12
0.00223,2019,07,Saturday,12
0.002238,2019,08,Sunday,12
0.002208,2019,09,Monday,12
0.002204,2019,10,Tuesday,12
0.002185,2019,11,Wednesday,12
0.002188,2019,12,Thursday,12
0.002175,2019,13,Friday,12
0.00217,2019,14,Saturday,12
0.002154,2019,15,Sunday,12
0.002121,2019,16,Monday,12
0.002018,2019,17,Tuesday,12
0.002183,2019,18,Wednesday,12
0.002123,2019,19,Thursday,12
0.002075,2019,20,Friday,12
0.002084,2019,21,Saturday,12
0.002115,2019,22,Sunday,12
0.002073,2019,23,Monday,12
0.002073,2019,24,Tuesday,12
0.002088,2019,25,Wednesday,12
0.002058,2019,26,Thursday,12
0.002053,2019,27,Friday,12
0.002064,2019,28,Saturday,12
0.002068,2019,29,Sunday,12
0.002054,2019,30,Monday,12
0.002028,2019,31,Tuesday,12
0.002033,2020,01,Wednesday,01
0.002009,2020,02,Thursday,01
0.002145,2020,03,Friday,01
0.002241,2020,04,Saturday,01
0.002419,2020,05,Sunday,01
0.002463,2020,06,Monday,01
0.002433,2020,07,Tuesday,01
0.002293,2020,08,Wednesday,01
0.002256,2020,09,Thursday,01
0.002356,2020,10,Friday,01
0.002314,2020,11,Saturday,01
0.002381,2020,12,Sunday,01
0.002358,2020,13,Monday,01
0.00247,2020,14,Tuesday,01
0.002369,2020,15,Wednesday,01
0.002345,2020,16,Thursday,01
0.00249,2020,17,Friday,01
0.002507,2020,18,Saturday,01
0.002405,2020,19,Sunday,01
0.002374,2020,20,Monday,01
0.002376,2020,21,Tuesday,01
0.002323,2020,22,Wednesday,01
0.002268,2020,23,Thursday,01
0.002276,2020,24,Friday,01
0.002257,2020,25,Saturday,01
0.002305,2020,26,Sunday,01
0.002368,2020,27,Monday,01
0.00245,2020,28,Tuesday,01
0.00239,2020,29,Wednesday,01
0.00244,2020,30,Thursday,01
0.002394,2020,31,Friday,01
0.002422,2020,01,Saturday,02
0.002468,2020,02,Sunday,02
0.00244,2020,03,Monday,02
0.002503,2020,04,Tuesday,02
0.002582,2020,05,Wednesday,02
0.002653,2020,06,Thursday,02
0.002769,2020,07,Friday,02
0.003159,2020,08,Saturday,02
0.003232,2020,09,Sunday,02
0.002986,2020,10,Monday,02
0.003041,2020,11,Tuesday,02
0.003093,2020,12,Wednesday,02
0.003026,2020,13,Thursday,02
0.00313,2020,14,Friday,02
0.00292,2020,15,Saturday,02
0.002774,2020,16,Sunday,02
0.002712,2020,17,Monday,02
0.002839,2020,18,Tuesday,02
0.002624,2020,19,Wednesday,02
0.002659,2020,20,Thursday,02
0.002648,2020,21,Friday,02
0.002601,2020,22,Saturday,02
0.00268,2020,23,Sunday,02
0.00259,2020,24,Monday,02
0.002476,2020,25,Tuesday,02
0.002339,2020,26,Wednesday,02
0.002324,2020,27,Thursday,02
0.002289,2020,28,Friday,02
0.002235,2020,29,Saturday,02
0.002275,2020,01,Sunday,03
0.002349,2020,02,Monday,03
0.002499,2020,03,Tuesday,03
0.002398,2020,04,Wednesday,03
0.002506,2020,05,Thursday,03
0.002496,2020,06,Friday,03
0.002405,2020,07,Saturday,03
0.002187,2020,08,Sunday,03
0.002214,2020,09,Monday,03
0.002207,2020,10,Tuesday,03
0.002184,2020,11,Wednesday,03
0.001537,2020,12,Thursday,03
0.001738,2020,13,Friday,03
0.001666,2020,14,Saturday,03
0.001685,2020,15,Sunday,03
0.001587,2020,16,Monday,03
0.001587,2020,17,Tuesday,03
0.001566,2020,18,Wednesday,03
0.001773,2020,19,Thursday,03
0.001773,2020,20,Friday,03
0.001785,2020,21,Saturday,03
0.001731,2020,22,Sunday,03
0.001805,2020,23,Monday,03
0.001851,2020,24,Tuesday,03
0.001834,2020,25,Wednesday,03
0.001842,2020,26,Thursday,03
0.001807,2020,27,Friday,03
0.001778,2020,28,Saturday,03
0.001723,2020,29,Sunday,03
0.001831,2020,30,Monday,03
0.001811,2020,31,Tuesday,03
0.001867,2020,01,Wednesday,04
0.001882,2020,02,Thursday,04
0.001853,2020,03,Friday,04
0.00188,2020,04,Saturday,04
0.001865,2020,05,Sunday,04
0.00198,2020,06,Monday,04
0.001997,2020,07,Tuesday,04
0.002012,2020,08,Wednesday,04
0.002021,2020,09,Thursday,04
0.001968,2020,10,Friday,04
0.00199,2020,11,Saturday,04
0.00199,2020,12,Sunday,04
0.001959,2020,13,Monday,04
0.001964,2020,14,Tuesday,04
0.00194,2020,15,Wednesday,04
0.002028,2020,16,Thursday,04
0.002013,2020,17,Friday,04
0.002061,2020,18,Saturday,04
0.002058,2020,19,Sunday,04
0.001982,2020,20,Monday,04
0.001971,2020,21,Tuesday,04
0.002011,2020,22,Wednesday,04
0.002047,2020,23,Thursday,04
0.002103,2020,24,Friday,04
0.002142,2020,25,Saturday,04
0.002409,2020,26,Sunday,04
0.002355,2020,27,Monday,04
0.002339,2020,28,Tuesday,04
0.002517,2020,29,Wednesday,04
0.002443,2020,30,Thursday,04
0.002494,2020,01,Friday,05
0.002549,2020,02,Saturday,05
0.00251,2020,03,Sunday,05
0.002481,2020,04,Monday,05
0.002484,2020,05,Tuesday,05
0.002529,2020,06,Wednesday,05
0.002664,2020,07,Thursday,05
0.002625,2020,08,Friday,05
0.002613,2020,09,Saturday,05
0.002459,2020,10,Sunday,05
0.002413,2020,11,Monday,05
0.002463,2020,12,Tuesday,05
0.002521,2020,13,Wednesday,05
0.002574,2020,14,Thursday,05
0.002506,2020,15,Friday,05
0.002513,2020,16,Saturday,05
0.002538,2020,17,Sunday,05
0.002543,2020,18,Monday,05
0.002538,2020,19,Tuesday,05
0.002508,2020,20,Wednesday,05
0.002485,2020,21,Thursday,05
0.002533,2020,22,Friday,05
0.002544,2020,23,Saturday,05
0.002458,2020,24,Sunday,05
0.00254,2020,25,Monday,05
0.002486,2020,26,Tuesday,05
0.00251,2020,27,Wednesday,05
0.002524,2020,28,Thursday,05
0.002532,2020,29,Friday,05
0.002615,2020,30,Saturday,05
0.002555,2020,31,Sunday,05
0.002647,2020,01,Monday,06
0.002561,2020,02,Tuesday,06
0.002583,2020,03,Wednesday,06
0.002631,2020,04,Thursday,06
0.002596,2020,05,Friday,06
0.002587,2020,06,Saturday,06
0.002606,2020,07,Sunday,06
0.002584,2020,08,Monday,06
0.002569,2020,09,Tuesday,06
0.002584,2020,10,Wednesday,06
0.002452,2020,11,Thursday,06
0.00252,2020,12,Friday,06
0.002533,2020,13,Saturday,06
0.002511,2020,14,Sunday,06
0.002479,2020,15,Monday,06
0.002487,2020,16,Tuesday,06
0.002485,2020,17,Wednesday,06
0.002472,2020,18,Thursday,06
0.002435,2020,19,Friday,06
0.002447,2020,20,Saturday,06
0.002447,2020,21,Sunday,06
0.002474,2020,22,Monday,06
0.002484,2020,23,Tuesday,06
0.00243,2020,24,Wednesday,06
0.002417,2020,25,Thursday,06
0.002359,2020,26,Friday,06
0.002313,2020,27,Saturday,06
0.002326,2020,28,Sunday,06
0.002313,2020,29,Monday,06
0.00232,2020,30,Tuesday,06
0.002354,2020,01,Wednesday,07
0.002361,2020,02,Thursday,07
0.002316,2020,03,Friday,07
0.002309,2020,04,Saturday,07
0.002309,2020,05,Sunday,07
0.002616,2020,06,Monday,07
0.00309,2020,07,Tuesday,07
0.00475,2020,08,Wednesday,07
0.004397,2020,09,Thursday,07
0.003515,2020,10,Friday,07
0.003811,2020,11,Saturday,07
0.00363,2020,12,Sunday,07
0.003178,2020,13,Monday,07
0.003294,2020,14,Tuesday,07
0.003085,2020,15,Wednesday,07
0.002995,2020,16,Thursday,07
0.003061,2020,17,Friday,07
0.003473,2020,18,Saturday,07
0.003382,2020,19,Sunday,07
0.003239,2020,20,Monday,07
0.003305,2020,21,Tuesday,07
0.003285,2020,22,Wednesday,07
0.003295,2020,23,Thursday,07
0.00322,2020,24,Friday,07
0.003234,2020,25,Saturday,07
0.003235,2020,26,Sunday,07
0.003153,2020,27,Monday,07
0.003197,2020,28,Tuesday,07
0.003192,2020,29,Wednesday,07
0.003231,2020,30,Thursday,07
0.003225,2020,31,Friday,07
0.003689,2020,01,Saturday,08
0.003336,2020,02,Sunday,08
0.003389,2020,03,Monday,08
0.003535,2020,04,Tuesday,08
0.003513,2020,05,Wednesday,08
0.00356,2020,06,Thursday,08
0.003533,2020,07,Friday,08
0.00351,2020,08,Saturday,08
0.003463,2020,09,Sunday,08
0.003499,2020,10,Monday,08
0.003394,2020,11,Tuesday,08
0.003484,2020,12,Wednesday,08
0.003517,2020,13,Thursday,08
0.003561,2020,14,Friday,08
0.003539,2020,15,Saturday,08
0.003524,2020,16,Sunday,08
0.003591,2020,17,Monday,08
0.003514,2020,18,Tuesday,08
0.003424,2020,19,Wednesday,08
0.003459,2020,20,Thursday,08
0.003393,2020,21,Friday,08
0.003442,2020,22,Saturday,08
0.003414,2020,23,Sunday,08
0.003418,2020,24,Monday,08
0.003305,2020,25,Tuesday,08
0.003303,2020,26,Wednesday,08
0.003203,2020,27,Thursday,08
0.003268,2020,28,Friday,08
0.003282,2020,29,Saturday,08
0.0033,2020,30,Sunday,08
0.003221,2020,31,Monday,08
0.003256,2020,01,Tuesday,09
0.003122,2020,02,Wednesday,09
0.002802,2020,03,Thursday,09
0.002899,2020,04,Friday,09
0.002758,2020,05,Saturday,09
0.002787,2020,06,Sunday,09
0.002811,2020,07,Monday,09
0.002756,2020,08,Tuesday,09
0.002779,2020,09,Wednesday,09
0.002805,2020,10,Thursday,09
0.002806,2020,11,Friday,09
0.002819,2020,12,Saturday,09
0.002776,2020,13,Sunday,09
0.002803,2020,14,Monday,09
0.002832,2020,15,Tuesday,09
0.002826,2020,16,Wednesday,09
0.002814,2020,17,Thursday,09
0.002804,2020,18,Friday,09
0.002794,2020,19,Saturday,09
0.002778,2020,20,Sunday,09
0.00263,2020,21,Monday,09
0.002656,2020,22,Tuesday,09
0.00256,2020,23,Wednesday,09
0.002628,2020,24,Thursday,09
0.002698,2020,25,Friday,09
0.002716,2020,26,Saturday,09
0.002692,2020,27,Sunday,09
0.002652,2020,28,Monday,09
0.002685,2020,29,Tuesday,09
0.00263,2020,30,Wednesday,09
0.002616,2020,01,Thursday,10
0.002583,2020,02,Friday,10
0.002599,2020,03,Saturday,10
0.002635,2020,04,Sunday,10
0.002612,2020,05,Monday,10
0.002611,2020,06,Tuesday,10
0.002595,2020,07,Wednesday,10
0.002596,2020,08,Thursday,10
0.002653,2020,09,Friday,10
0.002655,2020,10,Saturday,10
0.002674,2020,11,Sunday,10
0.002673,2020,12,Monday,10
0.002635,2020,13,Tuesday,10
0.002637,2020,14,Wednesday,10
0.002593,2020,15,Thursday,10
0.002612,2020,16,Friday,10
0.002581,2020,17,Saturday,10
0.002586,2020,18,Sunday,10
0.00259,2020,19,Monday,10
0.002601,2020,20,Tuesday,10
0.00263,2020,21,Wednesday,10
0.002655,2020,22,Thursday,10
0.002647,2020,23,Friday,10
0.002646,2020,24,Saturday,10
0.002653,2020,25,Sunday,10
0.002679,2020,26,Monday,10
0.002677,2020,27,Tuesday,10
0.002595,2020,28,Wednesday,10
0.002581,2020,29,Thursday,10
0.002598,2020,30,Friday,10
0.002576,2020,31,Saturday,10
0.002582,2020,01,Sunday,11
0.002517,2020,02,Monday,11
0.002528,2020,03,Tuesday,11
0.002533,2020,04,Wednesday,11
0.002617,2020,05,Thursday,11
0.00276,2020,06,Friday,11
0.002671,2020,07,Saturday,11
0.002711,2020,08,Sunday,11
0.00267,2020,09,Monday,11
0.002753,2020,10,Tuesday,11
0.002769,2020,11,Wednesday,11
0.002779,2020,12,Thursday,11
0.002821,2020,13,Friday,11
0.002773,2020,14,Saturday,11
0.002775,2020,15,Sunday,11
0.002886,2020,16,Monday,11
0.002936,2020,17,Tuesday,11
0.002909,2020,18,Wednesday,11
0.002911,2020,19,Thursday,11
0.002984,2020,20,Friday,11
0.003507,2020,21,Saturday,11
0.003329,2020,22,Sunday,11
0.003648,2020,23,Monday,11
0.004204,2020,24,Tuesday,11
0.003727,2020,25,Wednesday,11
0.00325,2020,26,Thursday,11
0.003275,2020,27,Friday,11
0.003405,2020,28,Saturday,11
0.003448,2020,29,Sunday,11
0.003551,2020,30,Monday,11
0.003335,2020,01,Tuesday,12
0.003374,2020,02,Wednesday,12
0.003428,2020,03,Thursday,12
0.003298,2020,04,Friday,12
0.003397,2020,05,Saturday,12
0.003388,2020,06,Sunday,12
0.003342,2020,07,Monday,12
0.003179,2020,08,Tuesday,12
0.003158,2020,09,Wednesday,12
0.003105,2020,10,Thursday,12
0.003079,2020,11,Friday,12
0.003163,2020,12,Saturday,12
0.003256,2020,13,Sunday,12
0.003231,2020,14,Monday,12
0.003206,2020,15,Tuesday,12
0.003416,2020,16,Wednesday,12
0.00373,2020,17,Thursday,12
0.003858,2020,18,Friday,12
0.003927,2020,19,Saturday,12
0.004625,2020,20,Sunday,12
0.004787,2020,21,Monday,12
0.004508,2020,22,Tuesday,12
0.003768,2020,23,Wednesday,12
0.00457,2020,24,Thursday,12
0.004582,2020,25,Friday,12
0.004494,2020,26,Saturday,12
0.004548,2020,27,Sunday,12
0.004592,2020,28,Monday,12
0.004486,2020,29,Tuesday,12
0.004636,2020,30,Wednesday,12
0.004682,2020,31,Thursday,12
0.005685,2021,01,Friday,01
0.010615,2021,02,Saturday,01
0.009771,2021,03,Sunday,01
0.009767,2021,04,Monday,01
0.00992,2021,05,Tuesday,01
0.010465,2021,06,Wednesday,01
0.009742,2021,07,Thursday,01
0.009846,2021,08,Friday,01
0.010194,2021,09,Saturday,01
0.00986,2021,10,Sunday,01
0.008835,2021,11,Monday,01
0.008063,2021,12,Tuesday,01
0.008616,2021,13,Wednesday,01
0.009397,2021,14,Thursday,01
0.009369,2021,15,Friday,01
0.009265,2021,16,Saturday,01
0.009067,2021,17,Sunday,01
0.009171,2021,18,Monday,01
0.009098,2021,19,Tuesday,01
0.00906,2021,20,Wednesday,01
0.008166,2021,21,Thursday,01
0.008524,2021,22,Friday,01
0.008579,2021,23,Saturday,01
0.008727,2021,24,Sunday,01
0.008383,2021,25,Monday,01
0.008255,2021,26,Tuesday,01
0.007482,2021,27,Wednesday,01
0.034084,2021,28,Thursday,01
0.047162,2021,29,Friday,01
0.028176,2021,30,Saturday,01
0.037196,2021,31,Sunday,01
0.034875,2021,01,Monday,02
0.03152,2021,02,Tuesday,02
0.03712,2021,03,Wednesday,02
0.053289,2021,04,Thursday,02
0.046935,2021,05,Friday,02
0.057595,2021,06,Saturday,02
0.078782,2021,07,Sunday,02
0.078825,2021,08,Monday,02
0.07007,2021,09,Tuesday,02
0.072896,2021,10,Wednesday,02
0.069676,2021,11,Thursday,02
0.070069,2021,12,Friday,02
0.06645,2021,13,Saturday,02
0.062537,2021,14,Sunday,02
0.056591,2021,15,Monday,02
0.05352,2021,16,Tuesday,02
0.049376,2021,17,Wednesday,02
0.059541,2021,18,Thursday,02
0.055139,2021,19,Friday,02
0.054384,2021,20,Saturday,02
0.05598,2021,21,Sunday,02
0.053725,2021,22,Monday,02
0.047392,2021,23,Tuesday,02
0.056555,2021,24,Wednesday,02
0.050167,2021,25,Thursday,02
0.05048,2021,26,Friday,02
0.050083,2021,27,Saturday,02
0.048052,2021,28,Sunday,02
0.050599,2021,01,Monday,03
0.050262,2021,02,Tuesday,03
0.050592,2021,03,Wednesday,03
0.050048,2021,04,Thursday,03
0.049609,2021,05,Friday,03
0.050984,2021,06,Saturday,03
0.052122,2021,07,Sunday,03
0.061949,2021,08,Monday,03
0.057998,2021,09,Tuesday,03
0.056004,2021,10,Wednesday,03
0.055918,2021,11,Thursday,03
0.055349,2021,12,Friday,03
0.062432,2021,13,Saturday,03
0.058592,2021,14,Sunday,03
0.057088,2021,15,Monday,03
0.058607,2021,16,Tuesday,03
0.057653,2021,17,Wednesday,03
0.057383,2021,18,Thursday,03
0.058328,2021,19,Friday,03
0.058961,2021,20,Saturday,03
0.057234,2021,21,Sunday,03
0.054962,2021,22,Monday,03
0.053556,2021,23,Tuesday,03
0.051702,2021,24,Wednesday,03
0.051448,2021,25,Thursday,03
0.053952,2021,26,Friday,03
0.054377,2021,27,Saturday,03
0.053698,2021,28,Sunday,03
0.054052,2021,29,Monday,03
0.0539,2021,30,Tuesday,03
0.053657,2021,31,Wednesday,03
0.061986,2021,01,Thursday,04
0.057664,2021,02,Friday,04
0.055804,2021,03,Saturday,04
0.057404,2021,04,Sunday,04
0.059696,2021,05,Monday,04
0.064458,2021,06,Tuesday,04
0.059028,2021,07,Wednesday,04
0.061464,2021,08,Thursday,04
0.061684,2021,09,Friday,04
0.063845,2021,10,Saturday,04
0.074649,2021,11,Sunday,04
0.070767,2021,12,Monday,04
0.093445,2021,13,Tuesday,04
0.121517,2021,14,Wednesday,04
0.182207,2021,15,Thursday,04
0.36587,2021,16,Friday,04
0.284173,2021,17,Saturday,04
0.320475,2021,18,Sunday,04
0.407318,2021,19,Monday,04
0.3195,2021,20,Tuesday,04
0.306925,2021,21,Wednesday,04
0.260967,2021,22,Thursday,04
0.248509,2021,23,Friday,04
0.270212,2021,24,Saturday,04
0.251111,2021,25,Sunday,04
0.270674,2021,26,Monday,04
0.272188,2021,27,Tuesday,04
0.323682,2021,28,Wednesday,04
0.305169,2021,29,Thursday,04
0.337561,2021,30,Friday,04
0.392987,2021,01,Saturday,05
0.376046,2021,02,Sunday,05
0.441707,2021,03,Monday,05
0.541334,2021,04,Tuesday,05
0.657633,2021,05,Wednesday,05
0.580804,2021,06,Thursday,05
0.684777,2021,07,Friday,05
0.636439,2021,08,Saturday,05
0.57007,2021,09,Sunday,05
0.449964,2021,10,Monday,05
0.495231,2021,11,Tuesday,05
0.385376,2021,12,Wednesday,05
0.490374,2021,13,Thursday,05
0.559604,2021,14,Friday,05
0.507972,2021,15,Saturday,05
0.514895,2021,16,Sunday,05
0.487892,2021,17,Monday,05
0.476115,2021,18,Tuesday,05
0.333123,2021,19,Wednesday,05
0.400194,2021,20,Thursday,05
0.359382,2021,21,Friday,05
0.342371,2021,22,Saturday,05
0.308071,2021,23,Sunday,05
0.366162,2021,24,Monday,05
0.346302,2021,25,Tuesday,05
0.353693,2021,26,Wednesday,05
0.332945,2021,27,Thursday,05
0.311205,2021,28,Friday,05
0.30311,2021,29,Saturday,05
0.302224,2021,30,Sunday,05
0.32581,2021,31,Monday,05
0.370077,2021,01,Tuesday,06
0.423374,2021,02,Wednesday,06
0.399963,2021,03,Thursday,06
0.376323,2021,04,Friday,06
0.372177,2021,05,Saturday,06
0.371807,2021,06,Sunday,06
0.33105,2021,07,Monday,06
0.327687,2021,08,Tuesday,06
0.343331,2021,09,Wednesday,06
0.326351,2021,10,Thursday,06
0.319359,2021,11,Friday,06
0.312084,2021,12,Saturday,06
0.324382,2021,13,Sunday,06
0.332085,2021,14,Monday,06
0.328381,2021,15,Tuesday,06
0.307761,2021,16,Wednesday,06
0.306496,2021,17,Thursday,06
0.293472,2021,18,Friday,06
0.287356,2021,19,Saturday,06
0.2809,2021,20,Sunday,06
0.178691,2021,21,Monday,06
0.191031,2021,22,Tuesday,06
0.232174,2021,23,Wednesday,06
0.262782,2021,24,Thursday,06
0.239153,2021,25,Friday,06
0.244784,2021,26,Saturday,06
0.26445,2021,27,Sunday,06
0.256857,2021,28,Monday,06
0.262769,2021,29,Tuesday,06
0.254215,2021,30,Wednesday,06
0.244549,2021,01,Thursday,07
0.245264,2021,02,Friday,07
0.246411,2021,03,Saturday,07
0.246483,2021,04,Sunday,07
0.231614,2021,05,Monday,07
0.234422,2021,06,Tuesday,07
0.224126,2021,07,Wednesday,07
0.207597,2021,08,Thursday,07
0.219864,2021,09,Friday,07
0.21392,2021,10,Saturday,07
0.215856,2021,11,Sunday,07
0.208048,2021,12,Monday,07
0.200003,2021,13,Tuesday,07
0.197324,2021,14,Wednesday,07
0.184888,2021,15,Thursday,07
0.172345,2021,16,Friday,07
0.186125,2021,17,Saturday,07
0.182233,2021,18,Sunday,07
0.173556,2021,19,Monday,07
0.170801,2021,20,Tuesday,07
0.190349,2021,21,Wednesday,07
0.191303,2021,22,Thursday,07
0.194764,2021,23,Friday,07
0.197319,2021,24,Saturday,07
0.197864,2021,25,Sunday,07
0.204419,2021,26,Monday,07
0.205899,2021,27,Tuesday,07
0.205392,2021,28,Wednesday,07
0.204619,2021,29,Thursday,07
0.208821,2021,30,Friday,07
0.208314,2021,31,Saturday,07
0.204437,2021,01,Sunday,08
0.2036,2021,02,Monday,08
0.195967,2021,03,Tuesday,08
0.20149,2021,04,Wednesday,08
0.200974,2021,05,Thursday,08
0.204688,2021,06,Friday,08
0.260341,2021,07,Saturday,08
0.240045,2021,08,Sunday,08
0.256897,2021,09,Monday,08
0.257325,2021,10,Tuesday,08
0.265263,2021,11,Wednesday,08
0.263921,2021,12,Thursday,08
0.286808,2021,13,Friday,08
0.293113,2021,14,Saturday,08
0.341441,2021,15,Sunday,08
0.320715,2021,16,Monday,08
0.299442,2021,17,Tuesday,08
0.303739,2021,18,Wednesday,08
0.317144,2021,19,Thursday,08
0.327491,2021,20,Friday,08
0.316797,2021,21,Saturday,08
0.314963,2021,22,Sunday,08
0.317914,2021,23,Monday,08
0.288739,2021,24,Tuesday,08
0.292226,2021,25,Wednesday,08
0.268909,2021,26,Thursday,08
0.294433,2021,27,Friday,08
0.285629,2021,28,Saturday,08
0.281125,2021,29,Sunday,08
0.272125,2021,30,Monday,08
0.278453,2021,31,Tuesday,08
0.294401,2021,01,Wednesday,09
0.295955,2021,02,Thursday,09
0.296273,2021,03,Friday,09
0.299388,2021,04,Saturday,09
0.314527,2021,05,Sunday,09
0.308765,2021,06,Monday,09
0.253744,2021,07,Tuesday,09
0.257113,2021,08,Wednesday,09
0.252596,2021,09,Thursday,09
0.239982,2021,10,Friday,09
0.241432,2021,11,Saturday,09
0.250617,2021,12,Sunday,09
0.235906,2021,13,Monday,09
0.240709,2021,14,Tuesday,09
0.247697,2021,15,Wednesday,09
0.242555,2021,16,Thursday,09
0.23993,2021,17,Friday,09
0.241386,2021,18,Saturday,09
0.233142,2021,19,Sunday,09
0.207071,2021,20,Monday,09
0.201027,2021,21,Tuesday,09
0.224858,2021,22,Wednesday,09
0.224832,2021,23,Thursday,09
0.209451,2021,24,Friday,09
0.20864,2021,25,Saturday,09
0.204962,2021,26,Sunday,09
0.200262,2021,27,Monday,09
0.196804,2021,28,Tuesday,09
0.198876,2021,29,Wednesday,09
0.204244,2021,30,Thursday,09
0.22301,2021,01,Friday,10
0.219133,2021,02,Saturday,10
0.221748,2021,03,Sunday,10
0.240852,2021,04,Monday,10
0.252016,2021,05,Tuesday,10
0.255134,2021,06,Wednesday,10
0.242923,2021,07,Thursday,10
0.243851,2021,08,Friday,10
0.246596,2021,09,Saturday,10
0.229805,2021,10,Sunday,10
0.231503,2021,11,Monday,10
0.226242,2021,12,Tuesday,10
0.232572,2021,13,Wednesday,10
0.232273,2021,14,Thursday,10
0.233782,2021,15,Friday,10
0.237292,2021,16,Saturday,10
0.237898,2021,17,Sunday,10
0.247281,2021,18,Monday,10
0.245788,2021,19,Tuesday,10
0.254093,2021,20,Wednesday,10
0.242391,2021,21,Thursday,10
0.244221,2021,22,Friday,10
0.251733,2021,23,Saturday,10
0.277048,2021,24,Sunday,10
0.264707,2021,25,Monday,10
0.255732,2021,26,Tuesday,10
0.23769,2021,27,Wednesday,10
0.300447,2021,28,Thursday,10
0.287853,2021,29,Friday,10
0.268345,2021,30,Saturday,10
0.280244,2021,31,Sunday,10
0.271728,2021,01,Monday,11
0.273121,2021,02,Tuesday,11
0.269407,2021,03,Wednesday,11
0.26328,2021,04,Thursday,11
0.261465,2021,05,Friday,11
0.261898,2021,06,Saturday,11
0.266315,2021,07,Sunday,11
0.282359,2021,08,Monday,11
0.273526,2021,09,Tuesday,11
0.255709,2021,10,Wednesday,11
0.261167,2021,11,Thursday,11
0.259414,2021,12,Friday,11
0.261706,2021,13,Saturday,11
0.262912,2021,14,Sunday,11
0.256529,2021,15,Monday,11
0.237249,2021,16,Tuesday,11
0.237487,2021,17,Wednesday,11
0.221383,2021,18,Thursday,11
0.23311,2021,19,Friday,11
0.233024,2021,20,Saturday,11
0.226328,2021,21,Sunday,11
0.219676,2021,22,Monday,11
0.226512,2021,23,Tuesday,11
0.221825,2021,24,Wednesday,11
0.216326,2021,25,Thursday,11
0.200887,2021,26,Friday,11
0.205347,2021,27,Saturday,11
0.207472,2021,28,Sunday,11
0.215175,2021,29,Monday,11
0.214715,2021,30,Tuesday,11
0.209487,2021,01,Wednesday,12
0.209726,2021,02,Thursday,12
0.199993,2021,03,Friday,12
0.178853,2021,04,Saturday,12
0.171255,2021,05,Sunday,12
0.1784,2021,06,Monday,12
0.176805,2021,07,Tuesday,12
0.179151,2021,08,Wednesday,12
0.169484,2021,09,Thursday,12
0.164422,2021,10,Friday,12
0.169019,2021,11,Saturday,12
0.169891,2021,12,Sunday,12
0.157565,2021,13,Monday,12
0.180157,2021,14,Tuesday,12
0.181082,2021,15,Wednesday,12
0.173454,2021,16,Thursday,12
0.16901,2021,17,Friday,12
0.1724,2021,18,Saturday,12
0.169576,2021,19,Sunday,12
0.167322,2021,20,Monday,12
0.171175,2021,21,Tuesday,12
0.173214,2021,22,Wednesday,12
0.18449,2021,23,Thursday,12
0.186622,2021,24,Friday,12
0.190657,2021,25,Saturday,12
0.19002,2021,26,Sunday,12
0.187705,2021,27,Monday,12
0.174117,2021,28,Tuesday,12
0.167765,2021,29,Wednesday,12
0.171313,2021,30,Thursday,12
0.170496,2021,31,Friday,12
0.173035,2022,01,Saturday,01
0.174403,2022,02,Sunday,01
0.170088,2022,03,Monday,01
0.168803,2022,04,Tuesday,01
0.15942,2022,05,Wednesday,01
0.160213,2022,06,Thursday,01
0.155023,2022,07,Friday,01
0.151954,2022,08,Saturday,01
0.151065,2022,09,Sunday,01
0.143359,2022,10,Monday,01
0.153399,2022,11,Tuesday,01
0.161652,2022,12,Wednesday,01
0.172043,2022,13,Thursday,01
0.183549,2022,14,Friday,01
0.185103,2022,15,Saturday,01
0.177176,2022,16,Sunday,01
0.171145,2022,17,Monday,01
0.165485,2022,18,Tuesday,01
0.162356,2022,19,Wednesday,01
0.155204,2022,20,Thursday,01
0.14264,2022,21,Friday,01
0.132892,2022,22,Saturday,01
0.141863,2022,23,Sunday,01
0.137798,2022,24,Monday,01
0.143049,2022,25,Tuesday,01
0.143789,2022,26,Wednesday,01
0.141247,2022,27,Thursday,01
0.141656,2022,28,Friday,01
0.143056,2022,29,Saturday,01
0.139471,2022,30,Sunday,01
0.141805,2022,31,Monday,01
0.142631,2022,01,Tuesday,02
0.137235,2022,02,Wednesday,02
0.137541,2022,03,Thursday,02
0.147503,2022,04,Friday,02
0.147141,2022,05,Saturday,02
0.15377,2022,06,Sunday,02
0.165578,2022,07,Monday,02
0.158405,2022,08,Tuesday,02
0.159123,2022,09,Wednesday,02
0.151889,2022,10,Thursday,02
0.144847,2022,11,Friday,02
0.144405,2022,12,Saturday,02
0.148948,2022,13,Sunday,02
0.146003,2022,14,Monday,02
0.151761,2022,15,Tuesday,02
0.149095,2022,16,Wednesday,02
0.138552,2022,17,Thursday,02
0.138768,2022,18,Friday,02
0.141206,2022,19,Saturday,02
0.136868,2022,20,Sunday,02
0.12849,2022,21,Monday,02
0.131553,2022,22,Tuesday,02
0.127846,2022,23,Wednesday,02
0.123813,2022,24,Thursday,02
0.127576,2022,25,Friday,02
0.127647,2022,26,Saturday,02
0.123111,2022,27,Sunday,02
0.133156,2022,28,Monday,02
0.133938,2022,01,Tuesday,03
0.13299,2022,02,Wednesday,03
0.12961,2022,03,Thursday,03
0.122591,2022,04,Friday,03
0.124996,2022,05,Saturday,03
0.120766,2022,06,Sunday,03
0.117105,2022,07,Monday,03
0.117029,2022,08,Tuesday,03
0.121588,2022,09,Wednesday,03
0.116885,2022,10,Thursday,03
0.115602,2022,11,Friday,03
0.115136,2022,12,Saturday,03
0.111608,2022,13,Sunday,03
0.114048,2022,14,Monday,03
0.112784,2022,15,Tuesday,03
0.116908,2022,16,Wednesday,03
0.116502,2022,17,Thursday,03
0.119306,2022,18,Friday,03
0.123569,2022,19,Saturday,03
0.119154,2022,20,Sunday,03
0.119339,2022,21,Monday,03
0.122481,2022,22,Tuesday,03
0.129727,2022,23,Wednesday,03
0.13655,2022,24,Thursday,03
0.131013,2022,25,Friday,03
0.135868,2022,26,Saturday,03
0.144732,2022,27,Sunday,03
0.142657,2022,28,Monday,03
0.14447,2022,29,Tuesday,03
0.14321,2022,30,Wednesday,03
0.137826,2022,31,Thursday,03
0.141315,2022,01,Friday,04
0.138913,2022,02,Saturday,04
0.146453,2022,03,Sunday,04
0.148591,2022,04,Monday,04
0.172907,2022,05,Tuesday,04
0.143417,2022,06,Wednesday,04
0.146102,2022,07,Thursday,04
0.142549,2022,08,Friday,04
0.144303,2022,09,Saturday,04
0.149535,2022,10,Sunday,04
0.134654,2022,11,Monday,04
0.138076,2022,12,Tuesday,04
0.14008,2022,13,Wednesday,04
0.14392,2022,14,Thursday,04
0.146026,2022,15,Friday,04
0.143712,2022,16,Saturday,04
0.139459,2022,17,Sunday,04
0.140286,2022,18,Monday,04
0.142665,2022,19,Tuesday,04
0.140878,2022,20,Wednesday,04
0.136365,2022,21,Thursday,04
0.136395,2022,22,Friday,04
0.134241,2022,23,Saturday,04
0.131947,2022,24,Sunday,04
0.157959,2022,25,Monday,04
0.137767,2022,26,Tuesday,04
0.1397,2022,27,Wednesday,04
0.137363,2022,28,Thursday,04
0.135027,2022,29,Friday,04
0.127557,2022,30,Saturday,04
0.132773,2022,01,Sunday,05
0.130938,2022,02,Monday,05
0.12952,2022,03,Tuesday,05
0.135809,2022,04,Wednesday,05
0.12843,2022,05,Thursday,05
0.127901,2022,06,Friday,05
0.127532,2022,07,Saturday,05
0.124207,2022,08,Sunday,05
0.104824,2022,09,Monday,05
0.108477,2022,10,Tuesday,05
0.084581,2022,11,Wednesday,05
0.082671,2022,12,Thursday,05
0.088331,2022,13,Friday,05
0.089796,2022,14,Saturday,05
0.092843,2022,15,Sunday,05
0.087841,2022,16,Monday,05
0.090213,2022,17,Tuesday,05
0.083649,2022,18,Wednesday,05
0.086723,2022,19,Thursday,05
0.083977,2022,20,Friday,05
0.084463,2022,21,Saturday,05
0.086105,2022,22,Sunday,05
0.083253,2022,23,Monday,05
0.083637,2022,24,Tuesday,05
0.082985,2022,25,Wednesday,05
0.078252,2022,26,Thursday,05
0.081335,2022,27,Friday,05
0.081839,2022,28,Saturday,05
0.082686,2022,29,Sunday,05
0.087871,2022,30,Monday,05
0.085865,2022,31,Tuesday,05
0.081056,2022,01,Wednesday,06
0.082772,2022,02,Thursday,06
0.080442,2022,03,Friday,06
0.081777,2022,04,Saturday,06
0.081229,2022,05,Sunday,06
0.08253,2022,06,Monday,06
0.080513,2022,07,Tuesday,06
0.079439,2022,08,Wednesday,06
0.079336,2022,09,Thursday,06
0.075454,2022,10,Friday,06
0.069895,2022,11,Saturday,06
0.064336,2022,12,Sunday,06
0.053921,2022,13,Monday,06
0.055592,2022,14,Tuesday,06
0.063,2022,15,Wednesday,06
0.055029,2022,16,Thursday,06
0.056995,2022,17,Friday,06
0.053012,2022,18,Saturday,06
0.060396,2022,19,Sunday,06
0.060177,2022,20,Monday,06
0.065571,2022,21,Tuesday,06
0.061711,2022,22,Wednesday,06
0.064032,2022,23,Thursday,06
0.067124,2022,24,Friday,06
0.068503,2022,25,Saturday,06
0.073177,2022,26,Sunday,06
0.072239,2022,27,Monday,06
0.065957,2022,28,Tuesday,06
0.069468,2022,29,Wednesday,06
0.066086,2022,30,Thursday,06
0.066175,2022,01,Friday,07
0.066698,2022,02,Saturday,07
0.067179,2022,03,Sunday,07
0.069472,2022,04,Monday,07
0.067155,2022,05,Tuesday,07
0.068583,2022,06,Wednesday,07
0.070621,2022,07,Thursday,07
0.069257,2022,08,Friday,07
0.069512,2022,09,Saturday,07
0.067263,2022,10,Sunday,07
0.061847,2022,11,Monday,07
0.060087,2022,12,Tuesday,07
0.061953,2022,13,Wednesday,07
0.062394,2022,14,Thursday,07
0.063042,2022,15,Friday,07
0.06428,2022,16,Saturday,07
0.063107,2022,17,Sunday,07
0.067715,2022,18,Monday,07
0.069013,2022,19,Tuesday,07
0.07012,2022,20,Wednesday,07
0.06996,2022,21,Thursday,07
0.067563,2022,22,Friday,07
0.068124,2022,23,Saturday,07
0.067724,2022,24,Sunday,07
0.062306,2022,25,Monday,07
0.062512,2022,26,Tuesday,07
0.067021,2022,27,Wednesday,07
0.069108,2022,28,Thursday,07
0.068909,2022,29,Friday,07
0.069644,2022,30,Saturday,07
0.068272,2022,31,Sunday,07
0.068725,2022,01,Monday,08
0.066694,2022,02,Tuesday,08
0.066195,2022,03,Wednesday,08
0.067357,2022,04,Thursday,08
0.069765,2022,05,Friday,08
0.068674,2022,06,Saturday,08
0.06894,2022,07,Sunday,08
0.070055,2022,08,Monday,08
0.069125,2022,09,Tuesday,08
0.071195,2022,10,Wednesday,08
0.07093,2022,11,Thursday,08
0.072345,2022,12,Friday,08
0.07284,2022,13,Saturday,08
0.081687,2022,14,Sunday,08
0.07672,2022,15,Monday,08
0.086964,2022,16,Tuesday,08
0.080154,2022,17,Wednesday,08
0.075079,2022,18,Thursday,08
0.067939,2022,19,Friday,08
0.06954,2022,20,Saturday,08
0.069448,2022,21,Sunday,08
0.068391,2022,22,Monday,08
0.06877,2022,23,Tuesday,08
0.06799,2022,24,Wednesday,08
0.069094,2022,25,Thursday,08
0.063572,2022,26,Friday,08
0.063587,2022,27,Saturday,08
0.061786,2022,28,Sunday,08
0.063887,2022,29,Monday,08
0.061525,2022,30,Tuesday,08
0.06133,2022,31,Wednesday,08
0.062372,2022,01,Thursday,09
0.061635,2022,02,Friday,09
null,2022,03,Saturday,09
0.062696,2022,04,Sunday,09
